147,82,-68,75,165,-191.704807748708,124.49455780448,906.316299430008,1
17,25,8,83,251,534.878129388336,163.52865499523,718.522732955554,1
28,88,83,-3,208,-318.912184639723,-169.568616444708,763.844515011269,1
25,38,75,53,250,92.3620298148543,43.0691218254068,787.065360391711,1
118,3,63,79,177,-186.463545085677,350.686924064932,512.244898234708,1
137,67,-20,28,44,-189.569592906802,176.776505258568,859.819789420766,1
127,2,-40,-82,25,-241.576950149975,320.583440719376,73.5907555009728,1
149,63,-33,81,8,-134.7732538458,80.9799407341459,812.08322143204,1
79,34,48,53,48,51.8766105241676,266.882025007034,659.804325419679,1
88,40,26,38,196,13.8614873810259,396.941063520998,876.937134075199,1
49,61,28,-61,31,251.795666878371,289.657780252023,749.693535955681,1
90,87,-29,15,58,0,106.790636790911,911.852307961217,1
135,23,1,36,232,-518.012163641281,518.012163641281,655.427002649605,1
173,49,-65,-63,67,-403.305903497885,49.5197382705371,388.479415578175,1
152,23,57,-46,242,-547.931452460874,291.34032117742,745.385057629764,1
63,17,-45,21,123,332.663314655558,652.888516139163,283.220694557716,1
63,75,15,9,239,42.7261742562785,83.854838455416,1091.81828630061,1
51,68,46,-22,148,69.0526609042017,85.2729346017778,971.873924932856,1
13,4,6,51,243,773.152786529798,178.496385289823,453.915118289337,1
23,51,-6,-88,87,447.38112264592,189.902019810774,531.745180477006,1
29,72,-34,5,43,269.243543969615,149.244133467579,818.501717468725,1
108,23,28,34,195,-176.354196533868,542.762407384053,735.517359738215,1
81,7,-49,75,39,100.60071417661,635.16791150996,352.038967915069,1
149,48,90,-76,115,-267.14195380741,160.515079732952,806.626864048815,1
19,87,-90,50,213,337.869434726794,116.337776063005,811.926574139877,1
157,7,-18,-43,208,-712.586141700934,302.474871532015,100.203329352107,1
78,82,-58,-43,37,55.2262951860842,259.819291167397,648.175252917883,1
24,79,14,9,37,46.7290741833192,20.8051242643243,895.468046735471,1
154,56,-27,2,104,-453.569727625847,221.220737350067,755.714560790658,1
13,21,-68,-57,62,427.250014710349,98.6384380545485,177.316958961327,1
75,4,73,81,128,86.5657773794434,323.067879376779,448.43567139345,1
88,30,72,-24,29,15.2718438052304,437.328387303703,660.52025815043,1
141,35,-47,-17,25,-437.834879354206,354.551694476898,404.056639651192,1
23,85,83,14,15,-137.709183422432,-58.4540803236116,690.187872045747,1
42,32,58,-88,11,426.918413999135,384.399066550041,491.204365609247,1
30,59,42,27,117,96.4638184439556,55.6934115456769,881.408904428152,1
99,26,44,-56,179,-102.374915007505,646.369774693363,641.817671737086,1
33,33,23,51,21,297.275838669081,193.053186905859,666.699772530213,1
168,70,-2,-12,116,-296.008771176805,62.9186066255101,920.119471668812,1
55,46,2,57,207,240.585097719912,343.591127760549,886.923630459863,1
116,34,56,6,91,-162.745572996333,333.677873514406,753.856518216067,1
169,79,9,22,153,-34.1844850188423,6.64479076567626,1004.65747401264,1
37,27,-5,-49,220,622.592813767719,469.157336379559,440.886657474927,1
35,20,-60,-49,113,435.207434907215,304.735526606943,137.141273120961,1
56,84,-13,-57,236,165.931832213726,246.004057873875,958.145928290069,1
177,39,-70,-44,106,-500.982965729199,26.2554046924992,296.183602426082,1
107,23,19,38,57,-147.811034234698,483.468108367412,620.110239482562,1
21,26,-33,-14,132,670.086172371163,257.221981947832,351.874926541414,1
15,23,54,-85,242,638.82723169619,171.173240836004,619.946720299014,1
132,44,14,-48,119,-384.399650288999,426.919062306928,682.969236827723,1
174,49,4,-49,127,-557.279871086513,58.5724746795027,693.417351859675,1
112,61,-19,-24,257,-219.607379612992,543.547338193318,862.424819199733,1
6,80,75,54,25,-94.4558305081496,-9.92770783194342,613.0986072959,1
47,30,33,-66,188,455.671033449928,488.647358336313,618.298098248655,1
19,59,-1,51,186,267.896504115953,92.2441638708911,952.016846520568,1
163,81,-30,36,51,-109.813112801965,33.5732378100416,904.606762230825,1
5,67,0,-4,236,354.404736150898,31.0063967130998,1031.69357479458,1
110,56,65,55,150,-3.41804005372465,9.39098786639994,755.499893585152,1
33,21,70,-85,127,512.932763106381,333.102431161064,538.81060310626,1
30,89,38,0,122,-148.210068485807,-85.5691229368936,932.921798717597,1
10,62,-83,-78,136,315.223279476078,55.5823691190375,417.414179560791,1
17,74,57,40,39,-66.8169108228436,-20.4279796788305,733.759136566779,1
119,47,86,27,208,-6.44683789589317,11.6304034346848,781.053354923115,1
82,39,59,-75,34,72.7228957306567,517.450290406018,623.218376744749,1
31,35,60,55,15,198.240213387156,119.114737331962,597.523845556368,1
72,47,-15,28,163,168.961552323543,520.010188001743,807.533550897084,1
52,39,-88,88,43,326.452545243016,417.840203591931,599.088460668616,1
19,33,-55,-2,88,601.871122609953,207.240847156256,376.429317055122,1
172,83,-81,43,70,-249.23734470119,35.0280244633128,818.390449529429,1
76,49,80,-15,256,18.3028609168588,73.4087655944958,939.446869382785,1
54,63,30,7,182,101.85631393668,140.193188988282,998.849806224014,1
120,16,-67,90,44,-308.130391756815,533.697493878906,431.115523754654,1
5,51,69,31,49,116.90097261285,10.2275098587789,718.020339833569,1
66,41,87,-62,223,117.549591755043,264.020705839255,869.858142224935,1
116,34,-56,-13,125,-284.816923669799,583.961232746986,340.045387656478,1
21,53,-50,-21,152,562.04407489964,215.748506458723,553.926764061164,1
45,26,21,-42,215,526.365420219191,526.365420219191,603.614895562576,1
177,66,-28,15,28,-318.712583482945,16.703018729902,812.164736169464,1
164,80,58,-43,155,47.0174389055747,-13.4820336563702,966.905154765508,1
4,38,-34,-61,46,510.861997737736,35.7229508448927,369.963671236895,1
76,8,18,-5,181,191.703233157502,768.879672445284,432.829294140027,1
126,58,-84,-78,83,-165.216857285681,227.401495325077,416.425752185451,1
96,59,-17,58,187,-36.6344980049966,348.553965617028,926.322219249248,1
175,48,-32,-71,159,-566.118964964269,49.5289916414033,473.933647754416,1
140,38,-74,-42,40,-336.537259401084,282.388290240862,318.695505582211,1
50,40,5,-8,228,425.410392717575,506.984363848083,794.249966737967,1
93,85,25,83,62,7.94099645981604,-151.523238886516,711.881065027326,1
122,26,31,35,17,-225.507012500505,360.88665864545,621.184624201299,1
46,20,30,62,89,300.740441013062,311.42584325177,617.111781204408,1
141,61,-89,18,100,-380.398528447745,308.04065458786,558.562026807547,1
165,0,-7,-14,120,-727.743676051767,194.998330294928,147.302919671409,1
139,29,52,-5,9,-343.436199079314,298.544533145661,632.52176440571,1
31,65,-5,-63,89,359.058280120209,215.74398046,718.829792545282,1
109,17,43,-47,239,-241.067710491525,700.111467065892,608.986158288687,1
48,69,-56,-38,23,234.432329049621,260.363478523064,594.575860637231,1
104,62,8,-13,168,-90.470923771223,362.859056100996,945.459748894123,1
117,61,25,81,54,-27.3021894929346,53.5835639221258,729.531106634067,1
128,21,-69,19,117,-413.111404848879,528.75848579985,221.158498542081,1
83,60,49,-27,172,24.8000144791552,201.979909337026,968.948314880285,1
75,76,60,-44,160,-1.94978442882167,-7.27669455216914,968.077116178519,1
105,49,67,-43,83,-83.7073483467607,312.400076996977,822.623045597028,1
21,85,26,-4,166,-65.3350395885218,-25.0797719256486,1016.49549595115,1
98,58,8,40,136,-35.6096734215108,253.375992087407,917.006845918058,1
179,19,-71,-71,16,-358.333259769717,6.25473031522027,217.802840578761,1
73,40,-24,48,163,173.633668980444,567.930140841693,730.226817699498,1
139,84,86,-56,36,43.7054963571502,-37.9926083529461,859.460625764196,1
126,8,5,5,224,-500.246884698289,688.530767870752,395.187384634247,1
87,35,31,44,135,19.8727665916404,379.19497569841,783.295463125063,1
62,13,16,-43,11,299.685667472507,563.626766100524,293.481647738785,1
136,22,-10,34,93,-466.854416206352,450.836069199584,547.004691011133,1
133,35,33,37,115,-260.884196452495,279.764049215588,771.210013787048,1
3,30,-14,-42,51,613.402238313329,32.1470491172484,396.904183311789,1
148,39,70,-20,200,-257.14225571107,160.680314674679,885.857493260812,1
71,73,46,-22,56,28.9157777748329,83.9775163501264,898.130061591306,1
143,86,-31,31,114,-88.2096081708613,66.4707074951331,962.809709516791,1
150,69,-60,66,258,-406.000226479417,234.40434004894,874.14583786094,1
93,80,16,-62,52,-11.6232808083305,221.785409863603,837.992733485739,1
73,68,59,52,83,-14.5772855001968,-47.6801524487097,730.134782513277,1
96,8,-70,-66,177,-46.0098796669095,437.754763645902,-4.56025911958237,1
89,17,-1,-64,14,10.1344009955763,580.599444187295,235.480134917103,1
153,51,78,36,152,-26.8379530986117,13.6746201160805,753.93693996428,1
147,79,88,-90,225,75.4481890927844,-48.9966268898558,908.467894849973,1
110,90,5,-4,209,7.28064222286384,-20.0034001064463,1079.1778862487,1
41,45,73,14,220,83.9912190931438,73.012452850687,882.382146870663,1
133,53,-46,30,21,-302.982122494264,324.908547859714,708.837390008496,1
113,60,42,71,256,-2.76891007077337,6.52314334098465,903.886730005846,1
139,52,78,14,4,-108.98214031046,94.7367292307099,701.879436371111,1
21,78,-3,62,54,-15.8928328715689,-6.10068695422392,856.921078335498,1
99,57,-85,21,94,-80.3549944091995,507.341467662788,553.59583559317,1
8,44,-56,-68,53,416.40139337717,58.5213993964663,367.143949972239,1
26,17,-83,24,73,548.218079927736,267.383823221761,177.958896092617,1
97,63,0,6,116,-40.1085648723461,326.658047049279,911.439978237891,1
22,44,64,68,70,130.628377679723,52.7772904209081,630.340529635356,1
37,51,25,-15,53,314.605637861654,237.072352595822,795.617343833938,1
171,7,-71,-65,43,-369.974483286068,58.5982014696234,106.852758193128,1
112,52,-81,78,190,-213.902247936088,529.426641782804,636.080112467563,1
133,5,65,79,256,-276.146059929433,296.130394064925,597.171211196761,1
155,71,2,-58,104,-320.313311730247,149.364550268804,814.401577089878,1
24,2,79,-36,77,553.800333406871,246.56779436617,441.905559164833,1
60,42,27,-86,219,298.035142987145,516.212010094791,692.488078360349,1
101,77,-28,-10,14,-48.0246227719994,247.065265947149,804.280253396951,1
32,60,-31,72,30,193.06341379626,120.639410256272,819.342612672865,1
178,49,37,90,75,-137.924135440191,4.81641694105551,666.807945853156,1
75,42,48,58,26,51.769400301495,193.206032202551,658.757175493707,1
32,32,-80,4,87,494.751914674607,309.155308278621,287.148581172289,1
31,19,73,32,122,292.909530739287,175.99780195908,645.853326260881,1
165,9,44,43,146,-515.496747653762,138.126937234696,590.160836620629,1
33,54,-36,-66,55,374.327326557732,243.091008207916,491.440432762826,1
161,6,-47,-81,115,-435.83782942526,150.070999587348,49.4251244783578,1
2,81,-55,-74,80,263.034377886566,9.18536287858204,593.48972253882,1
82,9,90,-30,77,71.7076634109712,510.226537097342,538.886355858242,1
11,27,-82,1,198,624.110126316784,121.314719289437,133.796439098376,1
114,8,-76,50,236,-293.346233713023,658.86642840575,17.2089767634782,1
96,9,59,-29,76,-65.7966234621113,626.013055475779,479.750560340756,1
135,0,-82,30,157,-424.410154503737,424.410154503737,-69.1619794272096,1
95,66,38,51,75,-1.177640513397,13.4604926619784,801.519358629085,1
125,50,-19,-79,203,-340.636793050397,486.47975701795,558.800128188639,1
61,55,44,-72,33,204.219137202318,368.421076053309,722.497504009626,1
99,44,71,54,191,-13.2348616326763,83.5616276798243,758.176604626001,1
9,6,-74,54,246,721.358733279376,114.25199924367,3.46289588682591,1
123,12,40,-71,30,-351.080033006665,540.615842321831,289.058822108089,1
115,29,28,45,152,-193.24809067394,414.421867825523,752.492425572633,1
133,21,43,85,226,-263.928751423713,283.028934702672,687.207091934072,1
15,33,-24,33,156,655.91003656844,175.750564605982,623.151109722498,1
142,33,-53,-75,201,-447.364715687915,349.519622173232,236.904030784456,1
37,35,9,-49,167,543.440696624286,409.511937931915,595.249462228056,1
87,13,51,-72,76,34.8325786565039,664.645194530795,374.540877291382,1
42,48,-74,-17,27,347.403169853383,312.803219137875,442.41033564007,1
20,71,-38,19,251,443.42193288684,161.392384791595,944.788020955234,1
78,63,47,-12,171,27.1107747858085,127.546167348604,978.74768462144,1
19,84,-57,-42,208,382.425086222823,131.679517201199,741.303162830871,1
88,69,-19,-41,9,12.1468107545809,347.839149347822,698.209666288836,1
121,39,-9,20,15,-253.079204391041,421.194527277602,663.104405782364,1
57,70,36,-68,33,158.132309579698,243.502403168858,806.733587392657,1
16,0,-14,28,188,791.298751097253,226.901265633845,222.096937252804,1
96,9,24,-68,35,-66.6617469494176,634.24415563192,216.63711199665,1
17,12,-60,-55,82,454.251162978957,138.878517610945,90.2914875929992,1
57,19,-45,71,183,399.396785571928,615.017116762378,422.245906221295,1
100,16,-52,-77,238,-99.9467446780305,566.826156022488,52.6478129807515,1
127,50,-34,-60,162,-351.723794876236,466.753240631188,507.43426670749,1
178,15,-44,-19,19,-588.01148046511,20.5338133678234,206.640079129483,1
123,36,87,-18,161,-134.525270202959,207.150750333226,806.287975443552,1
27,34,-61,47,227,674.752149558732,343.803392301245,444.960366415692,1
63,62,-37,6,217,257.949170750089,506.253752400467,822.340232625597,1
108,30,-36,-9,110,-212.119244239861,652.835905915078,402.949717102514,1
65,50,44,-14,112,137.291570200836,294.422722423317,870.094226425169,1
22,2,-38,-33,170,621.509266543001,251.106043282945,-22.8308845030525,1
173,85,-8,-47,199,-236.373803961098,29.0230537283126,975.111150995382,1
137,67,44,-71,177,-186.521760562366,173.934355617363,936.011635917483,1
83,19,-73,59,45,78.7488417792477,641.357848251953,356.950678571579,1
29,60,71,3,183,-6.40105782774653,-3.5481642927925,896.747597819056,1
27,86,7,33,9,-63.3823597493922,-32.2949253413266,845.229760444899,1
146,68,-69,5,85,-361.977225078646,244.156721218535,671.570096478187,1
98,36,-15,-58,66,-81.0563826407001,576.746130847627,418.991909172692,1
3,84,28,78,42,-139.739492784146,-7.32343649495565,700.804933445514,1
166,72,14,-11,67,-189.65771213255,47.2869785898155,908.836299453006,1
136,20,-79,48,175,-506.813430964739,489.424041204108,202.162806553923,1
129,58,-15,-20,213,-356.729789688988,440.524602938279,837.616934500945,1
57,74,52,64,131,-65.7795829852192,-101.291675173273,752.212144084748,1
115,86,-10,-80,226,-111.161773275697,238.387192085846,900.864798381526,1
114,32,90,-50,170,-147.597943927197,331.510409813136,785.616177404146,1
109,35,-65,-86,109,-130.958132335217,380.330032448047,281.893172936338,1
33,66,-23,62,191,239.274916488139,155.386947629098,954.630997290836,1
103,16,83,-42,241,-114.713511488555,496.878807467093,740.188467275812,1
40,33,-75,25,47,457.644610738201,384.009424080695,398.073787926995,1
8,65,-28,29,100,346.67283081909,48.7216890119558,871.930162767528,1
113,1,74,54,194,-159.957088426219,376.835285199187,557.369930542029,1
147,34,21,14,138,-446.067041507345,289.679323830019,765.173801806639,1
49,22,-9,-49,209,512.9113747679,590.037041237288,344.629664859871,1
178,2,6,-75,209,-744.994286659987,26.0157737571224,108.4810873432,1
179,6,80,-87,178,-655.715253675115,11.4455523273218,448.623155149084,1
141,48,70,72,163,-50.2357685443322,40.6801232624802,687.636446341001,1
24,19,-58,-83,27,339.940205064122,151.351130584213,211.768917112987,1
111,85,-26,-16,256,-108.059117062805,281.503624200782,1032.67804845386,1
171,61,88,48,87,14.8377166898538,-2.35006345361653,629.422154841489,1
119,22,-37,33,137,-356.574662203239,643.27771893442,419.993880736424,1
74,54,45,15,144,50.2064778768343,175.090796122051,908.249108947023,1
105,46,-76,40,259,-187.415057791752,699.442517782277,464.151785428546,1
64,88,-28,70,118,-16.5388034368983,-33.9095722217975,931.728508334479,1
74,19,-68,-35,189,161.740112954644,564.054806066487,60.3410683479436,1
141,63,-89,62,240,-444.118009414374,359.63967287811,642.01419554263,1
139,3,-22,37,190,-616.137624056907,535.600265262269,242.126941097315,1
40,24,31,-4,162,484.941475184706,406.914212970053,685.64654263687,1
42,16,60,48,243,306.296107134257,275.79025361637,736.242031488744,1
19,16,-73,-2,50,538.635127091831,185.466947745506,161.754583913147,1
162,9,-83,10,201,-567.56195008921,184.412056416342,-52.877154463347,1
56,16,-29,-52,133,366.699150993797,543.653848450163,165.120896487805,1
164,57,-72,-20,14,-397.64903599833,114.024026223959,514.60224750513,1
90,39,90,56,126,0,110.63396574835,603.361564213414,1
161,12,-20,77,239,-718.098854725448,247.261264753656,453.766278618399,1
129,56,-28,79,32,-150.796221326529,186.217824932361,797.980386159512,1
132,58,60,-18,195,-84.9481513701096,94.3444800232483,969.08355033116,1
151,29,9,87,143,-369.795638292458,204.981069493264,685.07087228221,1
59,56,-25,46,108,203.432890176815,338.569185156539,841.760902593357,1
89,63,86,-31,218,-0.979323143272469,-56.1053853021945,911.450143042096,1
133,86,-85,-26,172,-248.431213040909,266.409859458547,622.476103462967,1
50,20,38,23,154,354.044564207726,421.933881333009,690.182022115898,1
119,4,-27,-9,62,-327.335150539589,590.528243552379,140.29442218836,1
129,77,-40,42,35,-105.261149100068,129.986693717286,876.783840546171,1
151,12,16,-24,210,-717.817570910086,397.892776847301,433.58466224835,1
91,44,68,-27,117,-5.40326757148946,309.552991851358,835.30021196419,1
174,3,86,-56,174,-616.602202701174,64.8075029780385,519.42786855404,1
106,61,-25,22,211,-135.566416913335,472.776280443324,909.350415512759,1
3,7,86,27,60,374.842120812495,19.6446431335283,494.616834551755,1
73,11,-42,-44,86,169.76075242324,555.262401579393,100.384007957835,1
27,31,-68,70,24,507.554652495885,258.612012455955,548.480804814721,1
168,36,-82,-29,192,-546.945459498474,116.256846292026,193.142881485565,1
143,49,34,71,14,-121.285709975052,91.3953379712935,670.762470662559,1
54,4,-55,40,188,446.677834174101,614.799295232454,78.0997187195565,1
158,53,-78,77,208,-537.508415169991,217.167496335768,651.143983914945,1
51,49,88,39,218,-16.7768233413546,-20.7176514399296,740.666284577294,1
78,42,11,-42,195,132.938398661149,625.42599304709,728.807692634157,1
91,58,-35,-65,124,-8.62145641107004,493.922906991467,554.266278407031,1
65,71,51,31,34,-9.22041925825724,-19.7732529093323,778.129693755158,1
3,50,-36,80,256,537.491119313854,28.1687159475952,822.544166385164,1
51,72,72,18,230,-131.038267532054,-161.818783972613,861.574161695982,1
170,49,41,14,6,-261.731854266097,46.1503876179689,756.485550529278,1
80,58,4,-23,244,86.8919513619223,492.788744029976,949.78220667587,1
150,77,-23,17,227,-256.736905494626,148.227121498234,1033.01205747765,1
168,60,-53,28,18,-388.360388424979,82.5485488524477,735.175040757763,1
73,60,79,56,126,-8.79932189657841,-28.7812850663083,669.143225493446,1
136,37,85,88,225,-74.6001297069296,72.0405078571337,610.663882516659,1
70,41,-46,51,230,241.499792676693,663.515227182186,639.90572765318,1
165,50,18,-64,234,-546.075919600304,146.320601662984,814.279049613514,1
81,18,72,48,230,49.4650586274482,312.310088832541,718.004974075384,1
51,61,30,-68,106,244.188533532761,301.54772571807,810.823796656206,1
49,65,-39,72,215,241.020891089318,277.262818589407,919.501636565393,1
70,45,35,61,159,76.3295103385999,209.713606093331,824.68500871139,1
104,29,-8,39,230,-172.682581517144,692.59200550271,687.705620977259,1
130,1,32,-11,114,-468.412971050048,558.232841066623,361.222241458437,1
21,74,-32,-46,89,346.601740896539,133.047942810845,724.068481677982,1
68,49,11,-19,103,184.559913924312,456.801816621708,784.380508396829,1
93,59,82,40,104,0.770829039342103,-14.7082942625569,690.246328466214,1
150,12,-80,-75,42,-290.034505370636,167.451499750017,177.857328717781,1
58,27,-88,7,24,282.902010387059,452.737855557541,274.997670896251,1
26,57,65,86,148,19.9114509884061,9.71146353267759,662.059290115184,1
180,50,3,-31,112,-532.697817549457,0,740.418825832417,1
89,6,70,-79,113,11.7022096092064,670.419139506537,374.560666506227,1
149,35,21,58,231,-379.373137604887,227.9503783037,846.872604890304,1
168,17,-44,72,154,-695.589157946283,147.852039748008,416.950957748628,1
91,55,58,6,52,-2.86108491373833,163.911444930414,811.800781651887,1
82,38,84,22,181,18.3795721899618,130.777451470829,771.307803210848,1
130,31,3,10,40,-361.654124837338,431.002602551413,611.695484547339,1
101,63,-13,61,190,-51.9825566731245,267.427070693127,953.631665624646,1
65,41,-21,50,191,251.20021165239,538.700592322017,764.059492259061,1
77,63,81,51,184,-23.7293078329208,-102.782924391759,706.373400852304,1
19,35,16,-7,13,491.467725627175,169.225908974105,626.943695784716,1
41,75,-88,66,20,186.452357681607,162.080561767189,815.045967037308,1
121,45,-51,13,31,-277.017600544103,461.034708835523,575.548809235686,1
121,54,-80,-80,39,-135.351934887158,225.26344812914,418.959454146307,1
3,39,60,21,135,255.788918206132,13.4053291683949,806.538980839828,1
156,8,74,-71,134,-600.054634604683,267.161536078337,456.689661848873,1
25,50,-90,48,221,585.196755783939,272.881728749511,467.479292294166,1
165,89,1,-41,26,-119.455100453355,32.0078976982552,853.757302842712,1
91,53,48,-75,172,-7.12445042848894,408.159491688379,846.351887110103,1
93,15,79,16,115,-20.1895161628903,385.238917563209,626.750718236384,1
170,59,-9,61,139,-264.265886567463,46.5972058826864,898.658963987038,1
100,61,-24,-47,151,-90.6062586780217,513.853627584244,696.383251582096,1
156,37,-70,-10,78,-520.257967591012,231.633770931837,345.339504779291,1
72,75,-17,-20,94,95.8407724520395,294.967567565802,867.058079051882,1
25,23,-75,-13,67,496.899026719119,231.70782148889,196.336739379858,1
53,38,-69,-1,184,407.633569799486,540.948017921049,326.328097114565,1
44,71,-77,-19,0,224.813255887928,217.099637638803,595.012916465316,1
39,0,-56,-65,69,324.798525096033,263.016659628055,16.9349625701304,1
31,12,18,73,245,541.999065187782,325.66589382109,616.707626086548,1
40,43,-22,4,69,434.855438870829,364.887038371947,644.647431814363,1
12,39,-59,-86,249,538.695120396137,114.503182579822,266.435509620188,1
77,87,47,-89,177,5.86990910830037,25.4253696868439,946.129819483423,1
127,58,9,-51,201,-298.9703108433,396.747002822846,857.116255361253,1
41,33,71,65,105,147.928348320729,128.592151342269,616.443780902314,1
57,55,74,74,154,5.80407150072853,8.93748635144659,660.913260266087,1
60,77,-10,73,8,-12.9854887097047,-22.4915262063206,803.448588581511,1
96,65,-58,-30,48,-42.6770537166778,406.045042892908,588.04570977656,1
58,36,9,-82,144,329.938975415064,528.012734833153,497.163000993565,1
49,21,-46,-63,249,439.950397144827,506.105037619745,112.308203557496,1
169,74,41,-59,94,-184.782867085035,35.918150827343,907.896541842142,1
34,0,-33,36,163,648.690480573939,437.547253941729,145.434965591309,1
98,39,-38,0,198,-102.876984455928,732.007780327902,527.307783800968,1
137,52,45,26,32,-138.668029163336,129.310029159788,774.732551006076,1
91,31,-74,-64,51,-6.78392927075816,388.651047627521,263.976341795044,1
121,39,35,-44,2,-266.908360620047,444.210108247758,610.7031071853,1
96,25,81,74,102,-23.1896029506075,220.634334020795,521.679276003837,1
4,61,61,85,14,63.4695174664466,4.43822101202156,568.041607747546,1
81,53,34,40,169,29.0621435894022,183.491153107292,909.686930864074,1
131,34,15,-69,15,-370.590980409193,426.316155863796,438.945763109275,1
177,25,17,84,48,-357.694526474779,18.7459757942422,598.135843133345,1
34,31,78,-20,71,317.37623898842,214.072976241106,710.172908422802,1
27,36,-23,-67,113,529.072554101584,269.575930943775,384.291546708328,1
16,55,-89,13,206,581.24882053217,166.670417265349,431.734963580879,1
42,40,13,-79,129,442.812340463426,398.71002221826,552.980835513897,1
116,20,61,85,220,-133.834301787248,274.400983089478,645.619155919536,1
91,25,45,-48,249,-11.7683676829031,674.20933301019,723.54480603502,1
112,54,-59,-74,66,-140.698603491508,348.241263795865,426.719324048091,1
155,82,36,41,60,115.161894393275,-53.7008732832214,806.475607000046,1
104,73,-17,88,23,-1.90855739436974,7.65480560789701,796.981303874868,1
58,46,-80,41,145,329.285474320247,526.966914466351,503.455739595214,1
95,75,65,52,82,9.87689586102299,-112.89343628042,695.101264766233,1
81,68,-71,-71,70,46.0670310377345,290.855786991078,487.93083622424,1
94,88,38,-34,76,2.40040586275213,-34.3274031238729,932.091765826832,1
153,82,25,-44,23,-123.483824532951,62.9181512004428,869.238149952841,1
151,53,81,-79,152,-243.331833232525,134.881037667384,853.869099168565,1
51,75,-56,-10,102,246.643873112878,304.579817583885,739.725555957573,1
149,61,-53,-33,34,-360.901554315549,216.85153133405,566.422333721795,1
121,51,-60,-64,124,-241.919233617797,402.621216896061,402.551091170293,1
164,50,-85,-81,210,-381.60049917714,109.422182342303,306.402084483547,1
81,34,52,-25,138,75.8082271155404,478.634308775573,779.41757202364,1
128,79,-31,27,254,-187.894682257229,240.494226288718,1045.12650731854,1
13,53,-16,-35,68,499.903544401796,115.4118270333,647.424422716207,1
137,90,-57,51,51,-44.7363270618265,41.7172998835418,897.812444370583,1
179,73,-14,41,130,-173.78109995359,3.03336038298698,959.22114892405,1
146,32,-77,16,237,-596.989940072123,402.674799047897,221.151253885039,1
35,39,45,-83,246,464.414809593426,325.186750533544,768.504593586981,1
138,50,-57,0,135,-453.906936324143,408.699641201101,547.139522466919,1
179,77,84,32,105,165.016449665523,-2.88037284313565,677.547201102542,1
169,43,-49,-19,184,-673.630306075814,130.940467139553,451.925177921763,1
101,68,90,84,139,6.76235702838182,-34.7893110077868,557.447951788031,1
174,10,-81,-35,151,-460.969113865658,48.4498061939465,-5.34071989718369,1
96,82,7,-12,141,-11.2329978910796,106.874835849245,1002.89364872779,1
128,1,54,-65,124,-439.815049966586,562.937592917313,304.215405247978,1
46,33,29,-60,72,419.48328418368,434.387656900625,550.694884562546,1
35,17,-31,69,122,547.839685444801,383.601477478886,477.070989751389,1
73,16,85,-17,220,125.197080504845,409.501198595841,745.543391177292,1
111,34,68,52,121,-73.932237011104,192.600062165977,683.329846154919,1
147,81,-13,-30,155,-226.674298686537,147.204010749757,941.283437194883,1
163,63,-22,43,249,-401.356544397051,122.707009826403,982.167618171985,1
98,49,-34,-78,47,-60.352218359191,429.428347191708,435.060849567369,1
16,42,-89,75,167,594.608195606362,170.501156424495,499.982311868579,1
0,2,-53,-8,33,581.127962787789,0,64.8955017985237,1
1,66,-26,51,113,274.615789099129,4.79343642903901,902.974559334126,1
79,4,-82,-74,155,65.9593571345734,339.331475637489,23.5456694956822,1
43,76,65,84,127,-80.0430348806781,-74.6413375664754,636.511887524215,1
39,20,7,47,90,443.25164443151,358.938104348067,595.790670824768,1
83,58,76,-61,186,20.8778049369867,170.036076062498,925.689445106004,1
104,39,70,-19,46,-84.7409983586841,339.877580505802,740.274438270992,1
114,56,-31,55,260,-215.172944982623,483.286347180241,897.8545716836,1
177,11,-48,-86,158,-491.018868865638,25.7332085033189,71.9874342105578,1
20,37,70,9,96,253.846388470853,92.3925294793657,757.846069602567,1
37,40,83,-68,122,315.097151192738,237.44273445714,773.598745636878,1
155,3,35,87,73,-386.024775582477,180.006309091674,438.711946927819,1
24,62,74,20,234,-99.0812029937434,-44.1137937476926,874.121076512442,1
35,68,-28,-15,40,299.987442825326,210.053468834548,760.868730100215,1
148,56,43,55,17,-86.4784550719084,54.0377361749033,708.591682725865,1
172,45,46,44,216,-202.133195243714,28.407967980613,897.75808280029,1
28,41,21,78,217,284.101640904723,151.059522019544,838.077990580756,1
162,53,15,64,9,-160.212634957082,52.0562406829285,739.49683369735,1
160,37,-84,45,40,-543.641696569248,197.869395657185,472.456601397056,1
26,55,-44,-32,104,481.735909069277,234.958301935487,566.772837215014,1
73,35,20,-60,49,172.042320935783,562.725075922894,519.379964531564,1
17,29,49,-48,193,577.243423795532,176.481025324538,729.643008457403,1
125,74,59,-37,80,-32.4602270835123,46.3580086077145,910.33714680536,1
94,29,60,56,145,-18.7945635572211,268.77478087238,698.787890111239,1
47,61,-48,-8,100,341.427335095167,366.135990903169,673.90577851349,1
97,90,46,87,61,21.0344024110326,-171.311460140873,617.342449226999,1
95,4,46,18,223,-59.1027060293092,675.547021149732,591.797811879026,1
178,84,-16,-90,141,-264.970754398497,9.25298263640442,757.227453875805,1
37,19,-32,-73,195,516.45604717942,389.177546052132,158.580304152081,1
135,49,-29,60,144,-335.328109491698,335.328109491698,802.290567873748,1
173,81,-26,8,90,-203.520006071681,24.9891145804678,919.754352322877,1
112,72,45,-68,214,-61.2670617599261,151.641299109437,995.500844954241,1
4,37,42,51,95,279.671994471511,19.5565709632758,735.931465297931,1
134,81,-47,-67,58,-187.01203483504,193.656631115342,625.790238318373,1
63,26,77,-81,154,250.137459992183,490.922406801032,647.018189408993,1
29,76,-60,0,260,466.009091437443,258.313057443056,801.21687848593,1
64,4,-52,-18,87,262.433129537729,538.067653648883,32.3479422981078,1
41,85,33,84,114,-132.633354051708,-115.296415669234,727.936773247838,1
170,0,20,54,60,-566.159804304629,99.8292488915307,414.703267084684,1
168,69,59,13,206,93.0913017885062,-19.7871670295513,936.873404521441,1
59,20,-34,15,216,426.045986586601,709.059594013864,336.565961446498,1
52,36,66,21,258,142.05791410772,181.825838448979,901.227169525179,1
36,75,32,-45,124,135.929299942495,98.7584172102193,952.96570443845,1
72,54,54,-71,214,108.368947743951,333.525326412563,914.683525918149,1
152,32,-13,13,182,-635.654677993768,337.983587569027,626.581248805853,1
134,68,-20,-13,249,-338.193996750051,350.210135576667,946.768925988045,1
103,77,-40,22,153,-71.6615168271711,310.4001312515,925.893073914896,1
174,7,0,4,23,-658.464629782432,69.2074213627792,318.66396948501,1
163,80,-11,51,38,-6.9165942461626,2.11461507225234,875.756171188693,1
112,23,-10,62,51,-197.748192511829,489.443951572863,590.119079588372,1
54,43,-29,54,257,387.36987926449,533.168898354746,770.897514802243,1
28,21,37,-23,254,633.561741216124,336.870753344482,709.786605507807,1
175,58,65,-18,164,-113.754576507029,9.95223586855745,931.127523763446,1
178,50,78,40,126,-52.3509427138216,1.82813520318505,720.922700804292,1
115,80,-55,-19,258,-207.284920116681,444.523945707493,815.292164979945,1
72,59,73,90,170,-0.765681430220192,-2.35652513250949,636.436264941991,1
19,3,21,12,251,795.221573456059,273.816746424577,455.139001249685,1
135,60,4,-43,251,-360.158696295399,360.158696295399,920.70200451975,1
97,2,36,4,15,-74.6239307879395,607.763144154178,368.404672299219,1
161,30,-49,-70,81,-460.174972551706,158.450949994366,257.655785141445,1
41,59,-79,-41,73,298.858918120969,259.794094000664,448.968092410685,1
159,40,46,19,204,-306.885677405377,117.802374423405,900.616188232554,1
20,89,63,-81,121,-38.8412853519574,-14.1370717287524,918.145745126076,1
58,57,-49,14,157,304.511105834216,487.31963714297,706.95610422628,1
108,40,-84,3,106,-175.867687940453,541.265087895406,338.01000018169,1
19,41,-9,9,210,629.367882887755,216.70874099591,760.097178216841,1
126,79,-81,-51,119,-184.874438035473,254.457834069294,541.651886344481,1
173,71,-9,-30,15,-307.009979599268,37.6960855379058,775.903734929607,1
134,46,-54,-13,44,-371.205554970976,384.394604819897,493.89333059695,1
136,33,80,-87,216,-336.625846305671,325.075801087317,756.962716637667,1
113,49,27,41,24,-91.529369030053,215.629680571806,759.81774839248,1
158,1,-37,-58,241,-605.102781732081,244.477393145567,-84.0248876226918,1
12,52,25,27,225,290.897797171157,61.8322355640847,985.370366596413,1
10,74,5,35,55,67.4183658346563,11.8876768919237,891.566492725729,1
98,63,83,-10,22,-9.53793668700489,67.8659459167322,778.335183445673,1
10,57,54,35,90,76.6344089444193,13.5127139475472,801.615356329949,1
171,47,82,-77,54,-390.05032144948,61.7779018611814,749.39201431447,1
140,83,51,-37,39,-6.69362779311731,5.61662061244272,894.239066173501,1
153,71,-41,-49,83,-348.658346649056,177.650300796345,653.593735347219,1
150,74,13,13,74,-89.0796663790973,51.4301693632939,924.017747192997,1
126,72,-11,-10,121,-184.952707468998,254.565562702523,914.603236439016,1
50,61,73,74,195,-40.4934577585213,-48.2582237602796,693.715528371236,1
47,62,-67,-68,49,218.868683324501,234.707927601496,467.405100199566,1
26,53,-77,58,188,539.735010197342,263.246353663171,622.310151834829,1
167,44,28,71,140,-234.620746204603,54.1664672767866,790.556790471811,1
51,88,-84,-31,253,267.841034319587,330.756131684666,632.459748602078,1
66,28,-69,75,35,238.880830035279,536.53512884,521.107519505552,1
60,81,0,21,152,30.354889835549,52.5762114533269,1011.49612557933,1
126,2,5,-85,215,-423.031143813324,582.252418140901,95.4506945531324,1
61,77,-46,15,244,211.927587920151,382.327489267436,935.227025586716,1
8,4,-87,33,156,595.148475693924,83.64266354588,-31.8754789852475,1
20,72,21,-78,18,295.344343492048,107.496549889998,735.524046222348,1
24,71,-74,-47,63,300.612467401806,133.841293648661,531.272743299433,1
18,78,36,42,169,-125.353051685758,-40.7296754756041,910.704203867829,1
93,29,29,-69,38,-31.6095871218126,603.146852513961,451.503965983451,1
3,87,85,-68,121,-137.613936573972,-7.21204081423918,881.967874375393,1
118,26,46,11,111,-224.493363769226,422.210610535405,711.289834988501,1
48,68,72,41,106,-54.272384815945,-60.2755897862144,725.840274740201,1
169,23,6,82,69,-422.014563935455,82.0313213983932,606.405649250463,1
45,84,-78,-36,154,250.81446687116,250.81446687116,620.522674166307,1
36,57,54,0,169,107.06806281935,77.7895010294072,941.260414075884,1
144,21,18,-70,134,-561.281269996017,407.794712824966,387.1151675028,1
151,83,0,-40,170,-180.796690257783,100.217241882592,980.261248421446,1
166,46,86,-55,29,-336.378272344916,83.8685228435974,756.130037500212,1
53,36,-14,-34,181,433.43454755218,575.187071840505,532.470404401817,1
16,36,-37,-35,27,528.329485904439,151.496042243421,397.33764920018,1
107,25,-62,-90,74,-110.851048830117,362.577443327703,238.536421536554,1
99,79,-83,73,34,-29.2016473468992,184.371945167491,848.303211176609,1
150,72,76,-66,131,-50.7821297208453,29.3190762643525,915.703166371788,1
73,15,14,19,55,181.228416498856,592.771440649017,504.102969595755,1
94,90,-2,35,107,6.42612150078606,-91.8978189078222,949.540838449438,1
6,26,55,-28,21,528.725402273161,55.5712790714577,592.335743911688,1
92,33,43,4,209,-16.5876931744448,475.00938312269,857.098317778895,1
147,17,-68,58,166,-611.070927194351,396.834100102255,254.857476057135,1
2,81,3,8,158,83.8462763258457,2.92797648831624,1022.24076510326,1
137,77,-21,-75,191,-277.14217712379,258.43926117297,784.000111622614,1
60,76,-23,59,46,37.7280107778188,65.3468315356883,880.960583215648,1
23,80,-83,34,191,389.570844415344,165.363012583823,768.510177457505,1
79,34,87,-18,114,55.5906615461425,285.989161107654,757.026868313493,1
28,29,-34,71,64,482.454371702923,256.525539780757,608.066554525026,1
56,37,38,-65,227,339.67433527991,503.587911491504,757.680302718461,1
15,42,-85,46,182,635.71755270673,170.340004862058,424.578811756047,1
38,61,10,63,145,120.414371437957,94.0780176293167,899.77526067702,1
163,38,-26,-2,66,-581.671373614979,177.834785440302,558.645144266411,1
168,42,-45,-12,183,-686.689173634958,145.960289683875,484.361753058161,1
72,16,64,15,97,140.076618523735,431.111502773679,625.406176140321,1
40,19,4,-12,193,608.865568646657,510.898874087955,487.010523579565,1
12,77,33,-66,224,152.315470087371,32.3756526109247,1015.70495070589,1
36,55,8,-61,1,360.763088484887,262.109726318832,617.034778759655,1
139,69,-14,-80,152,-313.300116462192,272.347636196863,713.913097119249,1
31,66,6,-45,239,361.586110225619,217.262854021933,961.571200440724,1
137,80,-78,-57,192,-273.853298307966,255.372332060736,550.389587487755,1
126,70,0,-13,159,-182.793654729467,251.593881546489,963.672678432731,1
154,61,4,-36,183,-412.665765866601,201.270542198631,887.252080546578,1
69,51,70,62,234,-0.178153255631026,-0.464105098083986,781.624621950313,1
169,74,-90,-90,22,-100.3077110907,19.4978438907073,501.546916777892,1
47,2,-14,-29,141,504.993451297369,541.539175938672,96.6208259425421,1
167,27,-29,65,88,-571.586708701421,131.961189509311,592.12152742492,1
24,46,65,-21,181,239.006179847331,106.412407234043,908.06776335516,1
113,40,-5,81,21,-117.254410323241,276.234079963277,697.343033864699,1
50,40,16,68,122,212.019939389985,252.675524469621,774.163373174076,1
79,67,-6,65,121,26.4948574754428,136.30422542785,905.853256696505,1
90,44,-49,-75,17,0,385.587095296105,376.68162195887,1
160,21,65,38,227,-334.718106500211,121.827427636022,765.790588464959,1
169,12,-19,87,168,-644.967544307199,125.368990646228,475.570609522431,1
162,43,-88,22,60,-521.342077921017,169.394309591529,434.344143744069,1
95,65,19,16,113,-15.6775941882529,179.195721553198,936.671798613989,1
44,39,-89,20,250,487.982838678972,471.239549610775,241.269473013679,1
17,3,70,-46,2,599.371439157894,183.246238540601,331.41283690027,1
147,12,69,-73,92,-543.801144435531,353.14859238593,438.080287788071,1
107,53,30,27,113,-69.1250771100994,226.097939468487,877.902306116017,1
25,68,-47,27,223,454.985107192977,212.163039830558,871.485953679013,1
15,88,-85,61,218,300.651487739492,80.5593233430125,864.31067930859,1
9,49,80,-32,210,152.836332950561,24.2068970556291,917.602277299539,1
108,71,54,-82,73,-74.1221154481224,228.12441445529,849.223541135775,1
118,44,86,45,148,-31.7488937824637,59.7109847821491,680.203422420925,1
54,23,70,-10,212,260.383613633808,358.387298192525,795.041214446801,1
17,78,-85,72,234,386.686713102867,118.221992307949,815.722116506535,1
94,10,-58,37,216,-54.4210877273465,778.257812916023,112.512978014068,1
6,68,83,-28,166,-64.6222850303255,-6.79207584923294,888.860828565677,1
62,19,52,40,72,190.024191670863,357.383526331435,610.404525101522,1
105,38,-74,-86,128,-98.5203595892341,367.682987566977,289.867916186092,1
50,30,-38,-60,104,370.213896210183,441.203740836786,282.341639096399,1
126,18,30,-10,113,-388.701337446081,535.001493323751,562.569772292487,1
31,17,21,-42,146,634.375871581822,381.171478894802,440.024137238266,1
171,65,32,83,202,1.96256078268825,-0.310839091168962,851.458982538772,1
109,86,-80,-42,257,-140.243255615305,407.295988478638,617.268714278429,1
139,43,33,-15,99,-341.893251509781,297.20326928632,795.531574587232,1
38,34,-85,-5,87,427.745226731841,334.191197452445,274.298353214807,1
176,50,63,-17,120,-236.248536750283,16.5201070012666,870.537324265029,1
149,90,4,77,192,160.484340111051,-96.4287199433558,914.064763496967,1
102,88,59,83,168,49.4049139177827,-232.431845573792,651.389224592559,1
68,43,75,-88,40,178.828889529738,442.61703348609,668.857132943731,1
85,49,-80,29,232,59.5363792276742,680.50392848935,454.08235790593,1
19,39,-40,88,158,503.4372677176,173.347352834271,693.781901693138,1
45,12,8,59,218,493.677026891855,493.677026891855,570.045270216131,1
150,18,8,68,31,-400.607796861613,231.291019357515,559.398765752416,1
154,81,-51,-77,123,-269.707452134437,131.545113785032,621.995268594741,1
151,42,-16,0,32,-468.994902516947,259.968119550352,630.672583520791,1
23,79,19,-42,225,144.320645692438,61.260479555549,1055.08570445694,1
10,41,40,-29,104,472.056868625911,83.2363623674993,774.757223682216,1
95,81,50,-78,72,-11.5226334949801,131.704303513172,884.112459624078,1
68,78,-14,-47,155,125.109484083939,309.656839293852,875.499869552461,1
86,81,79,58,185,-16.672413098563,-238.426615416581,644.130826937648,1
134,81,-79,-30,1,-159.7174959164,165.392308664154,606.6214245261,1
149,46,-24,-49,139,-524.745082404555,315.298655045269,535.257694689818,1
52,6,-75,-78,106,220.287538233942,281.955191238947,79.312382364449,1
22,40,72,-26,31,334.440059254374,135.122554908631,731.424148889973,1
103,79,-27,-83,37,-59.2343697246287,256.572243390657,624.874472919681,1
13,67,-8,30,182,273.264212261157,63.0880143840852,989.614924197956,1
103,57,68,29,228,7.4195230990054,-32.1374853020359,883.095154867117,1
84,12,-78,39,80,67.8479048319786,645.529694026854,169.732530118779,1
121,59,6,39,131,-131.258809934273,218.451344251356,917.366999256369,1
88,45,79,-20,30,9.5270791170929,272.819850643448,752.983362158904,1
43,62,61,85,56,25.4167880000254,23.7015382511864,604.323925398323,1
137,53,-18,2,129,-386.947194008645,360.834095951698,780.269494086273,1
117,67,-36,-74,215,-225.475676261308,442.520930966322,648.338755857309,1
70,70,-58,-71,236,164.935452690855,453.15643193565,564.861245878796,1
158,90,66,-84,142,69.8507530580122,-28.2215361297722,920.142550184711,1
180,46,68,-78,257,-364.345107855239,0,901.32109317679,1
167,51,-12,-29,188,-599.442391787964,138.392180676068,739.132914671525,1
2,34,77,8,123,260.083375804502,9.08231161510463,756.584125546941,1
89,28,82,87,134,3.50522913615455,200.814442717314,520.113025663479,1
179,41,-13,-52,50,-559.559646266381,9.76714995679015,485.235672583492,1
150,66,5,60,133,-103.057367456612,59.5001988430493,912.949221765939,1
99,19,16,-65,13,-95.0281773092095,599.98429842283,297.473526267427,1
123,55,-51,-17,164,-329.327190697876,507.119402587143,581.850136945342,1
100,11,-60,-90,109,-69.4673151903042,393.968721696426,116.950494480365,1
88,14,30,-87,31,21.1859759747597,606.686974058983,240.205989045073,1
172,88,-85,-1,225,-412.929103614496,58.0334008948915,712.631590273278,1
43,75,57,23,0,-27.692868312498,-25.824017479828,753.365952422225,1
68,82,33,-22,164,-4.91077993274877,-12.1546068515671,1014.81926749935,1
44,51,87,63,73,55.5480354751571,53.6421143209444,576.032377029,1
123,32,88,-75,65,-267.163636900998,411.395924069128,654.804498924427,1
146,7,6,54,192,-598.85066643241,403.929874825424,487.478048042071,1
25,39,-27,-4,153,624.629470148925,291.269505439743,577.085538257512,1
26,82,25,-61,147,130.048838487531,63.4290566355074,957.606596294707,1
168,71,34,-6,67,-105.780491618052,22.4843375900976,907.943908837791,1
103,22,-33,74,231,-167.011450320253,723.406067791383,513.80536923065,1
143,84,-58,3,163,-279.174922830511,210.373393786066,849.206280913063,1
165,60,-20,43,213,-405.318386304835,108.604734287866,943.633823330792,1
108,7,76,-81,137,-203.668644001262,626.82763268149,424.399725594921,1
21,34,57,-46,230,476.204810869867,182.797900203784,842.236428006053,1
128,34,-45,-45,200,-421.353201573332,539.307504551549,303.748252786255,1
9,62,22,45,255,134.864895925749,21.3605010606265,1030.36614117903,1
69,23,68,55,120,102.003122244458,265.727218323663,627.043304819577,1
16,51,-57,6,92,541.45621803667,155.26007211243,580.641983264152,1
56,66,3,53,53,65.3662578295617,96.9094625158485,853.102592619905,1
122,4,55,32,246,-313.968074097099,502.453949994106,644.621892979983,1
16,82,2,21,82,27.3291886173021,7.83651873254351,941.979733155613,1
14,77,-64,-23,162,423.923280388371,105.695944857962,688.833921983387,1
180,47,89,-49,103,-255.658358093251,0,816.044850035092,1
126,5,45,-14,211,-438.621040167252,603.710069624466,531.048780992979,1
68,29,88,39,107,75.562000225281,187.022513375432,619.783868785275,1
17,66,25,-77,31,345.605904635519,105.662328740354,727.939897267412,1
177,45,-86,-81,36,-265.879063471966,13.9341312744205,384.465597190488,1
161,42,11,-1,17,-442.375372709545,152.322056263204,691.75808129425,1
162,26,-42,17,124,-682.480863184936,221.751474750821,399.92703040252,1
66,59,79,22,73,9.12408789407071,20.4930369384171,736.910710819507,1
37,39,-86,68,159,509.534643504753,383.96189428069,467.568104355948,1
36,47,-81,66,115,457.203831248699,332.178027369167,597.694846366918,1
99,51,33,-23,20,-59.9453187914349,378.4798473171,764.082108248675,1
82,4,43,-84,249,108.448209663056,771.649107483284,333.973170288152,1
134,85,2,-47,67,-124.547751486879,128.972972179118,873.250306236508,1
137,90,-26,46,28,35.0473127166778,-32.6821478368863,885.552134554697,1
108,39,42,-43,24,-156.888830893095,482.854172006351,652.841523625023,1
81,58,-67,-9,170,91.4132647843824,577.160638993785,542.60175512669,1
149,28,-18,70,182,-535.543093873883,321.786754900996,650.581767374899,1
43,69,-38,-40,1,250.944460119342,234.009494843957,636.765372681514,1
67,39,-35,-38,63,224.285821698111,528.384283668218,426.757290628452,1
169,78,-19,-4,147,-269.337437830025,52.3538944277614,954.903725342962,1
88,24,89,-57,224,15.3648713798822,439.992348493727,768.26992218866,1
5,30,45,26,44,383.373171343914,33.5408063925741,675.267120643508,1
172,49,-45,14,238,-706.213569388526,99.2518445200187,650.702534465795,1
162,43,-10,-34,14,-505.439767410361,164.227335691005,550.092552186623,1
136,12,-26,-19,231,-598.112128994078,577.590169045542,170.978066638179,1
3,76,-38,-45,127,387.936396367767,20.3308850367003,737.778994276771,1
131,18,-51,86,154,-447.479017852053,514.765725031288,426.923425732235,1
55,88,72,-56,0,-15.0136443745283,-21.4417062874175,865.48573652355,1
128,78,-69,-83,156,-184.889328709617,236.64754916367,539.951090406021,1
109,46,-89,34,246,-221.463046497992,643.175388642695,367.785643736711,1
158,10,-26,-47,146,-633.365020565777,255.896078835197,109.554441297023,1
110,27,54,54,203,-111.525404799541,306.413531382275,763.327061507232,1
63,4,38,89,42,174.605108116443,342.681819504194,418.717914246019,1
20,83,-3,64,211,-45.5456178238737,-16.5772491891542,1002.74133156047,1
33,22,-81,20,202,567.437622459364,368.498300691053,117.156915338881,1
92,2,89,0,86,-16.2331923172314,464.857806786517,503.36285958115,1
31,56,14,45,40,173.251217375023,104.099833719235,811.745534450756,1
64,13,63,-29,71,260.901890727607,534.928148834115,528.336243592186,1
1,72,0,7,227,248.929309350846,4.34507725725537,1060.65277614451,1
130,60,-58,9,250,-422.706189676792,503.761620159127,674.339197140583,1
107,73,88,70,55,7.4113915256106,-24.2415693781546,555.591794581343,1
6,41,-88,-5,248,628.742227693992,66.0834710210148,213.282132989201,1
45,35,-12,60,215,427.346353356471,427.346353356471,753.276240399058,1
81,34,77,44,192,25.2377040049538,159.344591888197,741.448920585077,1
171,46,53,-9,221,-288.323429525178,45.6659450177962,957.368829430691,1
70,67,86,4,112,-26.7315948092863,-73.4444531245245,777.252895707588,1
37,29,-70,-23,86,441.748946678859,332.881707898497,238.251692873941,1
61,74,6,4,202,88.731552880452,160.075958795727,1050.76001678429,1
21,56,-28,-30,149,532.395375892347,204.367437224233,678.456610536327,1
156,18,31,73,51,-353.715467169267,157.484272421067,557.984640871118,1
53,45,71,0,72,134.580368648847,178.594181307218,780.241110639871,1
96,52,-16,-88,183,-57.0482300309768,542.777651983039,564.239862729899,1
91,34,-79,-26,61,-8.55309573010749,490.00652620207,278.275881673392,1
36,74,-19,-81,97,277.795582410639,201.830304713347,679.097423552164,1
140,15,75,-33,86,-421.203108801203,353.431373245813,580.250971156579,1
36,69,-78,81,41,213.026430628268,154.77276144062,824.754934254982,1
51,62,-65,2,188,367.75418310952,454.138595025817,627.07458533706,1
168,66,45,-17,62,-153.246648701781,32.5735807355044,887.819624380578,1
94,19,62,29,213,-29.1246340730071,416.501671726935,753.780550399948,1
143,42,-34,34,257,-586.654046740142,442.075532930228,693.025858654559,1
139,75,37,17,196,47.1982767339113,-41.0288360125693,997.490863067379,1
89,78,-78,85,25,2.40944267705932,138.036878520243,860.059639209036,1
99,36,-71,41,160,-107.36694415204,677.888206265971,427.883848296402,1
141,51,56,14,246,-103.523957993657,83.8320482364142,976.371016775255,1
157,46,52,-5,216,-264.384565180475,112.224589713639,952.74640712415,1
58,88,-40,-77,196,159.762937641685,255.67414556902,755.043581329189,1
150,83,-31,55,140,-79.6862691724048,46.0068889574049,970.127833825857,1
83,74,82,-77,184,-0.6045235898083,-4.92344953928161,924.398923703746,1
42,36,-42,60,259,550.870491145767,496.006018111986,616.573187601131,1
117,64,78,34,148,39.116922560968,-76.7712831611873,750.828239487772,1
68,57,-25,-17,96,190.073853026723,470.449294804624,715.599568238781,1
84,45,74,-53,88,37.7622233434275,359.283555491121,795.090721931042,1
103,44,-43,14,229,-165.801923323446,718.167030785416,601.03818712791,1
11,40,-75,11,140,623.830136640114,121.26029480953,375.223826282186,1
139,21,16,-7,224,-581.200055875686,505.229500590784,616.23950147235,1
119,32,-28,-45,248,-377.573308095573,681.160278920225,375.89527057582,1
53,14,-25,44,184,471.982105904526,626.341409538097,399.450905945204,1
126,0,-23,73,83,-387.663489921964,533.573018755351,327.39313832433,1
108,27,-68,-20,213,-205.450783092946,632.312492824925,144.701893246075,1
177,78,-75,-29,61,-316.388454024361,16.5812162662113,610.768543840831,1
57,89,9,45,219,-88.6869115394712,-136.565867828555,1017.71656785267,1
30,82,-71,44,190,305.594362672908,176.434987552036,870.850461224944,1
129,12,-10,2,138,-486.60096006341,600.902141949531,339.811764608258,1
155,61,55,6,249,-23.0567560062971,10.7515418979476,1009.12744480754,1
12,49,-40,-3,178,644.787192396793,137.053748624729,625.955847016971,1
37,55,-31,69,34,232.74662010282,175.387158226217,799.589304797208,1
18,87,-63,-63,40,188.230639574043,61.1598422321236,599.86495823291,1
16,41,31,60,206,288.959127020784,82.8576963461032,860.058875266361,1
129,43,38,83,132,-122.845562250001,151.701635515475,724.426264811724,1
55,71,-48,-48,121,243.143806536432,347.245342656696,642.291383012518,1
112,55,-68,-68,74,-138.311038586791,342.33183328852,419.521934849636,1
133,37,60,79,104,-127.610762667098,136.845788946581,623.355000031126,1
9,51,45,-33,128,357.842714006908,56.6767179821972,874.374552749068,1
40,85,-3,7,57,39.8095596705812,33.4041868369146,925.629982368915,1
17,5,58,49,51,406.844809198671,124.384940764228,474.588890228761,1
162,62,28,89,8,-42.4917216538246,13.8063972921739,651.056992176658,1
76,44,15,-75,172,144.151172717718,578.158775083056,650.4100352127,1
9,50,38,-2,161,316.066328360378,50.0599885227896,921.514084261723,1
38,58,-22,-72,98,370.942438065335,289.811995121804,577.735355514707,1
47,21,22,4,107,434.480257332461,465.923033086803,595.125012297952,1
39,78,65,-39,160,-56.4530021568866,-45.7147397725701,951.791823873792,1
141,86,76,-21,42,111.859685411528,-90.5821872044721,817.594206210637,1
144,10,-62,-26,221,-514.14104977632,373.545338055817,-39.6897107727781,1
105,53,77,14,2,-36.0225627227527,134.43803430015,705.340983011941,1
146,55,-4,-42,67,-402.562853448124,271.53207321515,689.602706080524,1
87,20,-82,-60,67,19.8795165465077,379.323772509867,177.335513717985,1
35,55,59,56,209,9.21284097452529,6.4509006986899,831.494540732509,1
128,78,51,-54,259,12.1428973148201,-15.5421998086839,1056.01312178912,1
16,59,-52,-46,88,448.130249520398,128.499281268917,527.832744724874,1
35,46,82,-19,152,143.850385073901,100.725124003115,849.278610012867,1
109,65,-18,65,240,-96.4917037159679,280.232255537386,989.673906699581,1
135,25,54,-65,131,-439.631398445113,439.631398445113,594.801997675314,1
110,64,-21,41,231,-134.541884394886,369.650789345824,980.010676519862,1
10,12,66,-14,107,550.634815507651,97.0917744914268,585.568040111517,1
173,68,87,-48,25,-101.190064475977,12.4245776344194,839.651505239402,1
69,45,13,86,128,92.3811156719421,240.661034221189,769.340547869175,1
72,90,-43,30,251,65.132430902472,200.457010324743,1050.05891050861,1
121,27,6,-90,230,-364.401678990488,606.466237677949,416.036492972649,1
73,27,82,-7,75,104.599777378173,342.130455730257,681.443405776685,1
15,52,-63,-77,151,428.609213579638,114.845492647203,390.66011033794,1
51,32,41,65,90,185.084743942378,228.560624012461,677.896468945439,1
174,86,-53,49,160,-190.418421400859,20.0137825618346,955.284529323038,1
166,54,37,44,100,-145.605520993896,36.3035337523488,829.673550360697,1
45,3,-5,26,72,496.4568577938,496.4568577938,318.670784852944,1
93,22,-37,27,232,-43.5448334697479,830.884919480622,377.611538025619,1
155,19,-18,70,66,-514.496133954044,239.913487353911,545.580160725204,1
174,56,-61,59,171,-533.680501011247,56.0920809349902,742.131018101011,1
98,22,-83,-48,94,-59.0161475924057,419.921709710762,152.439577128896,1
114,89,-53,47,231,-88.0725405183234,197.814164775324,1005.39493269194,1
85,14,56,-4,30,46.8797880262369,535.838429082253,527.678070100519,1
158,57,-73,74,9,-331.836776381474,134.070760354712,765.950895655527,1
7,89,34,-22,131,-96.0064738859145,-11.7881127399182,977.560645411143,1
138,4,41,36,119,-431.420300396687,388.452583269366,515.764397565682,1
105,30,-60,-18,240,-189.622485357083,707.680749610121,209.206510715979,1
40,32,-32,-75,133,442.110873631455,370.975071003619,304.05910876273,1
150,82,40,-21,77,7.77241265825946,-4.48740454049895,928.492079999372,1
125,80,77,-76,125,3.39327666658711,-4.84610130771091,910.534182921641,1
23,23,69,-55,31,526.634861131123,223.543235888204,545.544190102311,1
98,28,-21,53,219,-100.253757435293,713.342550210337,624.761491781157,1
123,37,26,-52,161,-338.339323952957,520.996870835871,684.887494462062,1
122,54,-28,-25,44,-260.603272339056,417.05241510528,627.597941347907,1
143,44,-26,50,61,-368.997489277415,278.059552522758,733.523829176355,1
152,74,63,-23,100,13.3956059495288,-7.1225700261851,905.776833642357,1
155,42,13,35,250,-446.512630527714,208.212259078006,920.279396060911,1
98,57,13,77,225,-25.7927919692021,183.525251033415,926.462476773823,1
30,16,-46,46,51,576.030173245403,332.57117558458,377.561731857781,1
177,64,-59,65,237,-501.639704423164,26.2898229090192,833.475014050123,1
174,51,11,-59,134,-531.520806129551,55.8650878560423,717.784707626631,1
99,15,-1,6,51,-104.632149579867,660.621392893593,419.178513099086,1
112,2,-33,6,85,-263.004950810253,650.960096133857,123.243713016458,1
108,32,-66,75,167,-206.99836053721,637.075446447638,496.143228412321,1
119,61,44,62,134,-10.5153451959192,18.9701848966023,805.096708642771,1
27,34,58,-59,86,476.022304770266,242.545478807444,669.624745917538,1
174,73,-50,90,16,-82.9173682160083,8.71496657658606,842.723787566085,1
77,36,-18,-70,110,133.443355273143,578.00667394915,396.561045323924,1
111,89,-51,-26,69,-84.1194761276446,219.138727387898,774.0015161049,1
52,17,-86,-9,63,313.145665426139,400.80817411972,131.445156621213,1
157,48,75,86,152,-71.5905926131087,30.388403641786,616.429501138724,1
21,84,17,69,110,-135.543532526624,-52.0302873186241,830.966360271711,1
109,6,77,26,27,-134.595008582132,390.892288005098,467.338393135593,1
126,36,-75,-52,64,-250.927702157568,345.372352595051,285.009369202748,1
41,63,46,9,144,63.2950212612456,55.0215225521969,935.326517598006,1
114,89,24,18,237,81.2932470924811,-182.587622439795,1045.91695311094,1
103,30,83,-11,157,-69.5311775372818,301.172618013305,776.673239721183,1
130,61,-52,-76,71,-235.745616271938,280.950685130418,485.169255165743,1
157,50,-6,-13,202,-550.718043098739,233.765940127651,816.008580282807,1
118,59,-61,-12,131,-255.279923350497,480.111707916863,580.718543636424,1
67,43,-29,50,100,202.367127781331,476.747076748606,727.919170937994,1
128,43,41,79,135,-116.69121100444,149.35793907561,731.257105135293,1
163,19,68,-76,121,-596.249096979017,182.291642738506,532.433589486439,1
3,73,-58,-61,47,304.654996191286,15.9662917978687,560.023925562843,1
125,19,-37,49,130,-412.339811217191,588.882279490252,428.49152451029,1
164,5,-11,13,147,-758.526172570286,217.503879961819,272.04651943036,1
149,11,-36,-90,248,-524.370633310624,315.073663330896,50.3607283968322,1
138,68,-65,-27,39,-279.270593704965,251.456372025409,591.231864758524,1
89,73,24,34,166,0.0299832536681179,1.7177394522118,972.054782594294,1
132,78,23,-58,149,-132.492012588725,147.147287295945,951.02353404959,1
29,82,-77,-29,151,329.399936546962,182.589366375949,632.000860282094,1
86,73,6,-49,185,22.6802596807582,324.342824310084,944.064264240444,1
26,59,24,-49,47,353.860938755242,172.58951165144,772.936251467986,1
30,13,-54,82,4,514.247317943252,296.90082744458,443.569148527984,1
173,2,85,-37,137,-585.616456633939,71.9046594853131,513.038831700492,1
156,81,-56,29,245,-364.522735662427,162.295978364054,935.141985216177,1
176,9,-58,45,12,-646.07984015138,45.1783034827588,277.190544227269,1
12,44,63,90,1,165.783984570548,35.2384737402717,500.98831884049,1
98,78,74,63,229,34.6050107587486,-246.22744579558,691.288907425073,1
135,10,2,-60,216,-559.962464979161,559.962464979161,220.730079436072,1
167,15,69,-20,99,-527.608507013056,121.808021636563,603.290370988297,1
49,78,44,-9,185,-45.3240005977051,-52.1392983764661,1003.62712434146,1
170,15,-46,26,211,-797.869285859642,140.68588217565,222.632506668575,1
154,36,-70,-76,94,-357.694840781159,174.459430610848,283.309034392892,1
150,19,53,28,6,-359.994422287193,207.842876614274,557.049536222783,1
142,83,-1,60,34,60.4242042320378,-47.2085622595975,833.522225265951,1
137,84,60,-44,55,18.9637354342107,-17.6839693819248,898.079644229323,1
94,36,-4,89,157,-29.4884915766552,421.705076451607,735.317837985647,1
171,44,-11,49,194,-518.819116560404,82.1728754060899,831.43658700716,1
80,4,-75,54,171,120.309864251714,682.311145851418,44.6444462010541,1
5,50,40,-71,56,466.738580306171,40.8343346069741,698.340883450379,1
146,12,69,77,3,-246.236028658541,166.088298483642,391.612320147333,1
68,15,7,-72,10,215.918593902051,534.417273175099,215.567195143404,1
168,88,-25,26,17,-26.5980101106125,5.65358157637628,885.833993957702,1
37,3,-6,-63,258,637.78069515135,480.602225908675,75.3112221784063,1
77,86,41,15,141,-42.9117234673902,-185.871094922954,914.819130196102,1
127,0,51,77,2,-218.400008608142,289.826600465287,365.244184557697,1
149,69,90,-49,240,99.2787550697704,-59.6526942275078,915.177009602877,1
116,9,-42,48,210,-355.228484812821,728.326327050119,229.702153153796,1
18,42,-51,77,83,472.852898776425,153.639220233285,689.691682794079,1
155,23,68,-56,198,-519.633803241279,242.309221887616,707.562926828708,1
5,58,12,-22,55,384.172671597581,33.610753601256,806.059188620767,1
143,13,-2,-88,48,-434.98754888994,327.786629210302,168.396695917489,1
87,76,-65,42,180,20.7415573668255,395.772491232753,855.94446028582,1
6,44,85,-70,193,305.594273181026,32.119252384262,852.340049600496,1
115,54,0,12,111,-174.578904732583,374.385669374004,855.822874276942,1
13,26,11,24,242,683.06214798522,157.697322531689,730.606743050196,1
176,8,29,19,123,-660.463326924505,46.1840948574351,510.34521806862,1
64,43,31,83,23,82.4431660746666,169.033540114849,636.416926850068,1
144,53,75,-72,76,-270.600602763064,196.602846011251,806.158119766026,1
9,45,49,-39,58,423.959061448384,67.1485186680181,759.36966186761,1
59,41,43,2,99,194.343931519751,323.442617747655,807.376684112727,1
163,87,23,-67,161,-93.9578104486401,28.7257854168264,965.678104652181,1
69,90,-39,37,139,33.5496354314383,87.3997883869036,978.91607419788,1
34,62,-81,-57,11,226.850042155227,153.012285479764,465.632071120092,1
160,76,-69,-16,31,-299.109206948479,108.866848124216,657.284475148197,1
103,86,-44,89,91,3.38656328736312,-14.6688171759498,887.574874919981,1
37,60,86,22,16,39.5974835370301,29.8388440932078,677.571483818144,1
67,15,-49,-81,235,224.446960785887,528.763903569384,55.7244483641089,1
143,33,60,46,162,-201.949249074284,152.179674555145,758.224720189633,1
71,32,-74,-29,143,183.018890227672,531.525451819363,211.96510817481,1
83,58,2,57,25,22.1387515594727,180.305662183208,802.050388545284,1
83,53,-57,20,13,56.6696653788025,461.537386802366,647.964030187346,1
104,76,0,-11,38,-47.7256589490135,191.417162953138,877.420399466657,1
5,68,54,-37,30,174.839074839953,15.2964369898565,861.54812139523,1
67,75,62,30,250,-90.9163370693547,-214.185467776869,889.076113936007,1
170,10,27,-3,17,-612.892210103171,108.06943290723,415.263449907894,1
162,45,49,-80,68,-473.976889781938,154.004427049365,667.752796200887,1
117,12,25,-21,199,-357.671828703348,701.970488536429,490.991858915396,1
118,34,-36,-29,239,-365.889005807651,688.137136601707,388.832983735184,1
82,40,-8,81,57,47.2647091891384,336.30588070169,719.324428821596,1
159,1,-29,48,89,-666.479942479366,255.837679990301,251.615207162897,1
112,41,-89,18,157,-229.329466028492,567.610346468099,328.674006025588,1
117,31,-1,37,231,-304.940505688976,598.479440019238,744.576749415355,1
9,8,27,48,257,688.810956908101,109.096937899298,612.508624282322,1
22,33,32,-22,225,572.98342172712,231.500329346522,804.931309911309,1
52,12,31,-54,226,491.163454221842,628.660553270295,443.2677408722,1
135,38,-90,-63,71,-240.201490011803,240.201490011803,298.901959378532,1
157,54,-32,-39,113,-505.670579136059,214.644426141383,596.111112381022,1
163,84,1,23,187,-10.5571365090456,3.22764053916261,1046.09964623419,1
4,52,-82,-14,122,520.349157914114,36.3863577104242,412.105180994376,1
4,5,77,6,95,486.387555276032,34.0115311094509,535.931451177209,1
65,13,-63,-27,87,233.905615648741,501.612211504773,92.5919975880641,1
141,44,-6,-67,231,-523.837767804724,424.195460352779,608.3807417526,1
122,75,28,88,255,57.4877359964882,-91.9996089115762,893.867121689825,1
45,56,41,0,221,151.630942457922,151.630942457922,1008.68848130247,1
34,11,-90,-63,139,289.497710074763,195.268671051807,69.8776296704349,1
92,35,-34,-90,212,-20.941121771664,599.675267081749,322.307640902171,1
115,40,-46,55,215,-291.323228663397,624.744679973844,637.465443069336,1
154,42,85,62,20,-146.870694380417,71.6336239546262,527.931629342529,1
43,74,-17,-6,248,274.535864613502,256.008835437937,1021.5609871579,1
174,69,13,75,129,-24.2438700883618,2.54813342551768,860.29605993546,1
30,29,-37,11,17,522.788894242863,301.832308820464,459.705707098215,1
12,15,81,56,185,273.146344487125,58.0590478169186,613.258496891632,1
175,90,88,-63,250,322.994733412146,-28.2583775521408,863.235044694076,1
96,6,-34,72,217,-82.1205631489352,781.32496698497,294.512921812042,1
0,58,55,-46,16,311.57903474789,0,800.319537056389,1
47,9,-3,-15,99,502.294749103076,538.645172147837,281.340050585326,1
160,38,-39,-82,57,-421.739101178735,153.500479455242,338.677983547262,1
43,2,37,-89,159,516.635945648229,481.77081335797,206.640883638159,1
73,22,28,-33,27,181.691856405343,594.28728428066,473.205718900893,1
96,15,69,30,221,-42.3863210766629,403.278906597067,727.218290619671,1
138,73,24,38,179,6.57735542836901,-5.9222774284878,976.579789935256,1
58,48,68,-81,130,212.85473527153,340.638782524922,792.070746791051,1
78,82,24,87,152,-30.7656601027986,-144.741050857606,796.946384526642,1
152,42,8,-58,165,-555.926057984772,295.591128336889,641.394252334323,1
174,48,-4,53,24,-308.606644086697,32.4358653246391,765.637991554264,1
159,0,2,32,147,-712.154814588982,273.370620698025,328.548177026119,1
86,29,18,75,178,30.6371255769848,438.131307941433,732.297945327522,1
171,9,2,-71,142,-683.089780095889,108.190792511898,173.198604846317,1
124,13,50,-18,234,-385.081762747122,570.907191134967,663.673315690527,1
55,5,-51,-76,248,313.873067332096,448.257195480366,-61.6895363161171,1
2,10,-88,-51,2,352.300335811435,12.3025988187364,167.880659085563,1
116,47,-46,-55,23,-195.945735005107,401.748293222049,426.750654099077,1
66,0,19,-4,80,291.078813693958,653.773719661045,296.597604294616,1
134,76,-43,3,116,-245.475643433483,254.197470072617,847.667323814937,1
61,76,87,23,47,-51.5250264506978,-92.9536083086821,676.38345193658,1
22,52,-31,-42,143,544.41737129204,219.95889580222,583.538911860164,1
32,61,-80,-84,74,218.997829174378,136.845031585743,440.490087523485,1
14,81,63,-19,44,-61.1499791838839,-15.2464021838198,859.246830975446,1
77,37,41,-17,248,115.230566217556,499.118417551447,904.36673431998,1
165,86,-28,-38,231,-309.659200145939,82.9729326079717,949.949759059569,1
38,11,4,73,105,448.322405969449,350.26785182484,517.749013118102,1
39,7,78,19,98,336.084309686069,272.155707791144,550.677719637986,1
120,72,-30,35,53,-112.108024335524,194.176794085295,878.949616197943,1
173,64,-60,-10,165,-541.601031652511,66.5002448560137,640.546010393282,1
168,48,23,33,240,-342.400067248678,72.7793810099633,971.974573942787,1
27,36,-34,35,232,670.621859985585,341.698904649945,615.275195887203,1
88,73,-31,9,101,11.2806591556586,323.035812779679,878.823115761298,1
162,61,59,-71,72,-292.28526097621,94.9692382097458,831.253977547203,1
138,19,-84,-11,244,-438.522954323922,394.847841590696,-13.8941152666543,1
47,51,-25,-86,130,341.424617300239,366.133076424928,494.826379901295,1
149,23,-82,-46,172,-407.730208310963,244.989025361961,91.2079092423193,1
59,60,-88,39,102,256.399879680299,426.721059029063,617.728223560797,1
6,36,39,76,256,290.959905942233,30.5811184070315,833.862573270819,1
177,81,66,54,144,211.264590163926,-11.0719080116332,704.568782001906,1
75,11,28,66,71,121.901178829453,454.941392894058,529.364921018391,1
152,6,-22,-42,39,-528.161844917056,280.828634386126,114.122055935403,1
114,28,83,0,192,-115.149569111193,258.630166722965,789.209231460339,1
2,55,14,56,170,229.414185601007,8.01131989350979,912.880893115213,1
158,82,-63,-56,206,-371.567106682267,150.122855757326,651.573588051952,1
10,35,-36,42,27,536.549099981201,94.6080828015294,609.576099213514,1
143,71,6,-45,18,-244.640119064771,184.349552538888,780.198182202857,1
113,2,-79,-67,117,-138.180489352964,325.532832752864,23.9512614668277,1
121,77,0,-82,81,-154.139718365193,256.531570690478,746.538494973077,1
116,71,-38,0,213,-210.093704751132,430.755929942872,881.258315152524,1
107,48,-31,-16,207,-201.274430675864,658.338998610053,637.870634384944,1
62,42,-24,33,148,282.056083627518,530.470341190211,722.003589372582,1
117,44,-18,-4,17,-234.510410367513,460.252595037605,624.872504052344,1
74,88,51,41,199,-85.3881647456639,-297.783919067095,825.269435468086,1
136,76,49,87,29,37.5401074974933,-36.2520604153802,611.528610129055,1
71,44,-44,-84,254,198.755033349195,577.226529845554,376.453580530913,1
131,13,-64,37,99,-453.355615950241,521.525977825378,211.211291731835,1
13,37,-65,54,242,728.068565319595,168.087872690719,471.394264522155,1
0,59,32,-45,220,360.488238992307,0,974.438929124001,1
53,2,-74,54,185,417.820779809334,554.466902211378,11.0703169255813,1
141,56,59,-84,105,-287.005592855807,232.4125465323,800.456677923887,1
45,43,69,-40,156,240.193285678944,240.193285678944,857.56585740974,1
4,14,60,-55,216,680.326641191973,47.5730730987912,603.63581243898,1
61,61,-81,42,130,248.806682675158,448.859137376649,657.53940416438,1
170,26,-22,-70,251,-733.09820605817,129.264993237029,287.759313355544,1
78,7,39,1,85,134.222457595167,631.467015370416,472.140725914179,1
136,76,-45,6,113,-252.576781573395,243.910562742326,845.157737889315,1
28,54,79,-71,234,175.970084368648,93.5649535490764,931.773529878282,1
99,38,-63,-46,116,-83.347774980022,526.237140524908,298.925905735658,1
96,32,49,69,191,-28.8541537534851,274.528934828831,750.710527243278,1
73,54,26,-67,129,137.458210485307,449.60554769801,771.86957305932,1
56,52,80,-13,8,111.101203985385,164.714308583504,755.243281255512,1
168,84,-26,-43,205,-320.602325660121,68.1461280057281,911.827302473199,1
92,51,33,-74,227,-17.1996833185613,492.534487896259,846.577151402754,1
170,8,63,74,2,-317.015887760494,55.8984543254215,393.251847400213,1
94,59,-21,27,199,-33.0131475172074,472.110004727181,909.895435438249,1
104,57,-40,62,111,-95.7315320363542,383.958203429585,824.394810445362,1
114,75,-42,-18,144,-167.744885842569,376.761182236775,802.96531133607,1
80,8,44,-85,112,118.425643025648,671.625196267894,282.812091692539,1
6,88,4,74,100,-156.994464643469,-16.5007831472961,837.231025026426,1
160,23,74,71,104,-232.864186876231,84.7556326495504,548.460887744582,1
113,51,71,-52,1,-138.883898654614,327.189961220299,756.492551239253,1
159,21,-46,26,79,-640.766949436618,245.967386728075,363.117717141738,1
149,80,81,-20,209,216.671688481219,-130.189484866572,866.663777022055,1
28,56,36,-75,138,376.413071206003,200.142380160896,804.021013260706,1
160,23,-48,61,129,-650.209010709278,236.656725949851,457.576079028884,1
27,20,29,11,76,516.352552885299,263.094766606478,595.527866526056,1
112,65,-40,-16,94,-171.441203459665,424.331868816886,718.223242357932,1
141,12,73,-38,130,-459.364240173956,371.985827113626,580.942056921248,1
141,61,-63,36,33,-316.104921508597,255.976718252023,733.337529975185,1
171,80,3,32,254,-37.7184771004131,5.97401988544276,1099.47653695108,1
22,68,59,51,49,-27.181899316058,-10.9822001916981,706.051863058348,1
77,1,-32,-66,117,123.445937145764,534.703098525276,-1.74494642782577,1
103,72,-15,6,241,-80.1721784687742,347.263856826299,1030.93331779072,1
162,49,73,-81,211,-313.243459821058,101.778969812003,874.118040096038,1
60,20,58,-27,43,280.678061649656,486.148663347154,564.587503411045,1
5,86,33,65,245,-260.568756826394,-22.7968122913527,895.859792492303,1
123,83,-44,70,240,-101.571709027015,156.406716045469,1008.94485442886,1
54,6,48,-75,190,436.968163976931,601.435080719331,364.768847547064,1
81,59,-60,6,165,91.1032136792161,575.203053358915,640.328394991429,1
2,42,70,-70,115,436.72559541873,15.2507938487637,763.884514983003,1
119,26,82,35,53,-128.714748917235,232.207553854463,587.35987842927,1
100,80,10,46,233,7.81228588425812,-44.3056749050492,1043.11951711652,1
152,11,-56,-63,7,-363.71042341099,193.388262521213,142.344533490723,1
1,54,20,76,191,176.458452901487,3.08009375252827,876.838971280444,1
54,45,-44,42,30,288.634222571691,397.270925576928,677.895470721796,1
135,73,44,-29,152,-52.715133458215,52.715133458215,985.789012534619,1
84,7,59,34,69,48.5011484593738,461.457602890839,518.639392507907,1
175,16,-36,-16,61,-649.022079064868,56.7820742962019,230.236124087649,1
35,64,-58,4,77,373.483191460389,261.515746055184,686.043972701598,1
83,84,-51,-90,236,41.7903508389788,340.355094579242,673.35408312824,1
123,46,4,-72,260,-357.718139929376,550.837630598169,696.3305009289,1
64,56,-19,-89,142,212.427348647045,435.54060898754,561.415499753677,1
92,22,-82,62,12,-21.5563441109789,617.292929815679,396.815105479706,1
57,71,86,16,203,-113.575525244055,-174.890972070159,770.161154054307,1
131,59,30,79,139,-47.4591802400069,54.5955415807115,803.439918540657,1
72,61,-11,-66,114,145.336986359774,447.30125026214,674.888154247288,1
99,35,-18,45,136,-93.4986744473821,590.327397412267,689.742253270455,1
88,8,-45,-9,166,25.1366891654487,719.820597635709,63.9062587483881,1
128,90,78,-74,248,156.906094891432,-200.830643196381,922.133372168533,1
29,88,18,-47,18,89.2881698663358,49.4932407445623,862.877844149436,1
54,74,-77,-26,34,186.58421690514,256.811142793506,589.687081415394,1
28,5,37,-75,160,648.719873610383,344.930475304883,277.167625946172,1
31,59,0,-39,216,444.614410906392,267.151290165789,873.212313506967,1
148,85,-90,25,1,-175.838782712288,109.876266193953,753.31989758569,1
19,9,-24,-47,90,599.244937972413,206.336579267954,119.83170816651,1
45,35,-14,25,205,494.016844440515,494.016844440515,694.650159601381,1
48,76,44,59,47,-57.3912674798754,-63.7394599050592,724.813808860549,1
11,55,36,-70,25,425.49098501485,82.707069202499,698.070412314709,1
108,73,57,-74,190,-35.1361612860627,108.13798514965,965.92229226492,1
163,41,-78,-47,191,-502.68149423372,153.685155788733,243.365220618681,1
7,38,7,82,54,300.373622824618,36.8812433853353,693.104509355456,1
21,58,-71,88,64,333.263836730278,127.928001098668,779.188683142389,1
109,74,60,-2,198,40.9433817051385,-118.908214516897,950.015766842084,1
165,81,-52,9,204,-377.325895110804,101.10416887829,896.471102267283,1
35,67,-4,15,68,205.695174414579,144.029311698449,890.379702496606,1
15,27,76,-5,70,365.63386075931,97.9712977159307,680.86861951107,1
138,70,-87,69,208,-347.804617087157,313.164683850738,744.532109821831,1
58,60,-37,78,73,142.343982896053,227.797990829782,833.321696445192,1
30,67,-4,28,252,255.45810622501,147.488806395681,1058.14411956564,1
